p ,ARIMA                 ,LSTM        ,ConvLSTM    ,OUR_PROPOSAL,ARIMA_STD,LSTM_STD    ,ConvLSTM_STD,OUR_PROPOSAL_STD,OUR_PROPOSAL_VS_LSTM
10,-5.71759101304075E+020,0.6404699439,0.7682772296,0.8117595364,0.005    ,0.0485943831,0.0188306778,0               ,17.4495560259
15,-11014525271744.3     ,0.7755113424,0.8119720451,0.821995956 ,0.004    ,0.0521564884,0.0433974875,0               ,14.0286433356
20,-1486054145.78144     ,0.7746476192,0.8469616394,0.8548572178,0.0035   ,0.0388545941,0.0127189638,0               ,8.3801400056
25,-41.6292641003        ,0.7798393862,0.8839716455,0.9114894525,0.0033   ,0.0369782143,0.015944311 ,0               ,14.1190820966
30,-13.6154194777        ,0.8469366443,0.8802361112,0.9296068413,0.003    ,0.0138176937,0.013177384 ,0               ,9.4043942897
35,0.6020620852          ,0.860161222 ,0.9067736033,0.9507417046,0.0029   ,0.0250672341,0.0079674663,0               ,12.022020823
40,0.9237310121          ,0.9203098419,0.9126322962,0.9553370611,0.00289  ,0.01169661  ,0.0067807531,0               ,3.5646383132
